,AAPL Return Delta 1,MSFT Return Delta 1,JNJ Return Delta 1,UNH Return Delta 1,KO Return Delta 1,HD Return Delta 1,UNP Return Delta 1,BA Return Delta 1,PG Return Delta 1,WMT Return Delta 1,XOM Return Delta 1,CVX Return Delta 1,AEP Return Delta 1,DUK Return Delta 1,AMT Return Delta 1,SPG Return Delta 1
0,-0.007815203382214326,-0.0075164824528157525,-0.013196875276127649,-0.005758936227173119,0.005960293787697314,-0.001997795264183359,0.007352474756612755,-0.0011372537183960906,0.004995912626969069,0.006468412800394195,0.00195607144325459,-0.0008900955237153623,0.013214027502785821,0.010861283547826535,0.005655703598018649,0.013418285384629884
1,-0.005888692982611957,0.00047334905394474854,-0.003311241064950862,-0.014034566157538751,0.0074007252306184015,0.002512772536972442,-0.01082827238068468,0.01126759214770011,-0.0017062459851817616,-0.0005689728393315618,-0.005131223277940891,-0.005741460983367685,0.005610073520229563,0.00976251459168551,0.01687895962890966,0.009946971383096323
2,0.002505600774273162,0.009184313483032466,-0.007459684461090459,-0.003955042014739709,-0.0077309005463495626,-0.028656424257844846,-0.006889585841669214,-0.0032399859833740535,-0.001643378754504544,-0.0063448810457085465,-0.03803535424694982,-0.022187942146331147,-0.00549285628657843,-0.01152784380523771,-0.011917880953817747,0.007500794739089638
3,-0.005908707783336653,-0.011938386876966259,-0.01464889408748703,-0.0167147195403997,-0.013298143086396659,0.0026122406416432377,0.0015297112464574714,-0.0024486214851472134,-0.021211665057020122,-0.02331070707275522,0.002329089450654494,0.008726892743471866,-0.012262802440674266,-0.008761695851233492,-0.0023494749306625273,-0.004628617487583358
4,-0.010915091660886536,-0.016112692128752923,0.0016312140465506576,0.003179715683099504,-0.007558512194826313,0.024369668397784608,0.010007866924997746,0.005688607468521217,0.00040314432595168315,0.009015204300624285,0.014722443474920714,0.006656624470419884,0.0005930449001456959,-0.0061457432466541515,-0.01028024625283568,0.02004240437617702
5,-0.0028140177426304184,0.0019267730537213686,-0.0055319658984289465,-0.00034549683298764554,0.003534429232670517,0.010834498443602219,0.009376922011586783,0.025228718294772867,-0.005253616868253774,-0.0014861951614866327,0.012152475993087938,0.0183175105088824,0.01972351841495609,0.018434722164194898,0.005410295991102019,0.01688839935623453
6,0.008945348271926444,0.014126814364513554,-0.003473246950876106,-0.024471252664649123,0.005361979952518537,0.012231054633050348,0.010247679701759995,-0.007571073470367604,0.005186457072786599,0.00251871939047771,0.004894979489348059,0.009567007260522833,0.014083130101172408,0.016154140932466043,0.004256002804705276,-0.004644486576850094
7,0.0040493214673347445,0.016062332348858288,0.004607280130932001,-0.008783195100731755,0.008486550963934528,-0.009238654274162216,0.008056657683419555,-0.0011982442018357476,0.0006716305936762096,-0.005886844953435021,-0.01848127735243383,-0.013432278994999877,0.00045839992818918265,0.010233248632052038,0.00718895872640336,-0.0049125503000490905
8,0.0007869708884764228,0.0075011041939143305,0.006652520191124546,0.06990513319598689,0.009072275807044268,0.006021306844172285,0.0018027767077512607,-0.017350534059207445,0.007357670786539732,0.003432812643653544,-0.03504342655119142,-0.025267361378547477,-0.0006877265844331741,-0.0032201805397086554,-0.014687578315352931,-0.004606738075879029
9,0.01715758930914005,0.0014184138634462996,-0.00501669971260191,0.008109942129652199,-0.0014789325563281067,-0.0014229219761218558,-0.005370086408792943,-0.00588250845424116,-0.007089232061136323,0.001227690343377381,0.004349466798544673,-0.0009118465295414163,-0.020151233456083648,-0.013312590684952604,-0.0405600583850904,0.003046203125347297
10,-0.0013412234411885572,0.039028067207750226,-6.291634222096052e-05,0.03235796085636289,-0.00395461498845918,0.0022441243256553435,0.013065759757030332,-0.0014169093556199632,0.001877491593813277,-0.0018096901273400817,-0.00454776038610668,0.0020181797194575644,-0.009521022299025166,-0.009524391144133957,-0.002526544014792641,-0.0010693199824305041
11,0.007046729390342946,-0.012343225229458046,-0.0020137591839751853,0.007372766816777585,0.017511350542852754,0.0085500923720062,0.007637045133274848,-0.014137374751347086,0.006809935834120829,0.0003232853852995598,0.006912350996566464,0.006095258016077017,0.008233447473088806,0.008106948759642817,0.017711753573870326,0.015433436981029053
12,-0.010148559452684527,-0.023393123785883978,0.05895571766210859,0.001071352425749097,0.012093953447228325,-0.0012214627552396145,0.011739497090236684,0.023733355821157244,0.008075926147145474,0.018327991241564333,0.01746136383372062,0.010993476864406623,0.016842098052743486,0.016770586874589592,-0.02386666256564499,0.0027511246044870305
13,-0.00618088845932325,-0.00897721248767035,0.01069199477917735,0.0045312897222743505,0.0008010547908252407,0.004315520319566195,0.0,-0.008509479819400178,0.01561869166077742,0.005635703010638918,0.004630860621173498,0.014535963282562816,0.012704069147823556,0.016810730516939112,0.0012988830024019103,-0.000808388558083052
14,0.004211210347138743,0.003890439282656276,0.005215962757077025,0.004235614404507263,0.00032025224364153076,0.014374826931273382,0.0007378117514532854,0.019033904153085333,0.003198735794607295,0.0058550682833972715,0.015567848990910444,0.019531924830954048,-0.0037600256749877894,-0.00010540762051731767,0.03162203312829519,0.006127611420275639
15,0.004503457615895586,0.016866022464804176,0.007628057368077666,0.004413458450176833,-0.0033677830498626497,6.155772806616119e-05,-0.006427889818864428,-0.008139769310908696,0.0023438547549836856,-0.0008163625922437443,0.001515214797730103,0.004562506984466077,-0.0006851300496506746,0.005471911932545548,-0.021398049352667682,-0.005804115945984474
16,0.004534686858410336,-0.0383641065080581,0.0019124890774540036,-0.0057511201563827195,0.012769598771851206,0.013624279351774472,0.09907769249348593,0.08364314657009206,0.0010399435465817221,0.0035747049502045268,-0.0055986025729856,-0.0075331897184215246,0.0007992131986846528,0.002829436082762783,0.016933832503814163,0.00387313140313301
17,-0.006602653750356799,-0.021093070810113614,0.005600204236118058,-0.005467674757974462,-0.009722067965629879,0.0003639813645973066,-0.025102355302562072,0.004072439424915752,-0.011958930962623137,-0.0036375782130300552,0.0031352064157590316,-0.010467284969353036,-0.02718964312292154,-0.011789543882640531,0.0169624558974876,-0.00946727083249838
18,0.01341746802398846,0.02286792375354647,0.004537941329753875,-0.004602568248508784,0.0006404680298206721,0.005022138886217161,0.002882571295751116,0.020913479087215494,0.027876773116196258,0.004701191338784106,-0.01202403588813859,-0.004960390610445915,0.0018747797275888935,-0.011716039517746744,-0.022292899619414355,0.011960804325238522
19,0.003160960350332691,-0.0072668922299318345,-0.0406475693374124,0.0068563930646661385,-0.008841788439721249,0.0074262820941892,-0.003227214571377587,0.0006701177003271133,-0.0007035474006429793,-0.0003127222894484071,0.02914100414768487,0.029704796039676833,-0.007992516390737931,0.002995342801011373,0.007066056552589243,0.0009634604027176587
20,-0.0042849545820004345,0.0012494507930597548,0.00808513254420472,-0.003224212084585439,-0.0025868897269427146,-0.005315883992299616,-0.0022437415212300193,-0.003523096368343839,-0.0003197617078198368,-0.004702607830324665,-0.005798099340295612,-0.008344553815810162,-0.008413844566967227,-0.015826229870013746,0.004874752342409919,0.006719048266577728
21,-0.015611221095166527,-0.02663443274557855,0.006021307538062039,0.00011887283788499623,0.003071242599868168,-0.010809020573993553,-0.005631380813090255,-0.028251266377778896,0.002173467352840854,0.0006910897604761046,-0.012552733293420245,-0.01596168085273553,0.005577696858588326,0.004115012656982153,-0.003247278238188113,-0.011062294552009353
22,-0.007348601616499451,-0.002568229807656768,0.004287184368370042,0.00011885669720818551,-0.005178040701078376,0.004101102703611759,-0.0013475734862561273,-8.645891754804311e-05,0.002614802357946634,0.0002511835264633406,0.017231260995649426,-0.0003756461340084431,-0.030154273673591536,-0.023620453794307706,-0.02588012266522995,-0.04694999041262573
23,-0.04921139929884227,0.003422750523491863,-0.009420829993606918,-0.0042279059756629295,-0.015202517983863609,-0.01042247543502859,-0.005933467198724504,0.0,-0.011015812812844354,-0.005793436236442663,0.0027966787670758286,-0.0022570345800704177,-0.009189630649197896,-0.01012081157248107,-0.005289885033568775,-0.0006761257572283936
24,-0.017404110612476337,0.007083202481857865,0.02373423920245827,0.015807381652102756,0.007875250119662282,0.008358850655514548,0.005106623942994757,0.02934559924164327,0.010506162883254087,0.013486908604236713,-0.00205020670536594,0.003634005432705299,-0.004441211677069108,0.0022332310514504277,-0.006788113851231975,0.011515145005394287
25,0.005297546986160653,-0.012375052232794217,0.00046208007986744406,-0.009600710083027913,-0.004422253686143196,-0.004140166362347429,-0.0046690966996002885,-0.0008818451644829255,0.001082883450544394,0.000996582534018355,0.004931983554760147,-0.0015021153676352207,-0.0007419727099971704,0.027175746610496203,0.005921760847578127,-0.005530896591640313
26,-0.008994675176627276,-0.011785150466076344,-0.000635367501137284,-0.007440668047191401,0.0022955153180642097,0.001219431275131885,0.0027080896274153184,-0.0007564278665755541,-0.001274136146709946,0.0016169980743265292,0.016844111942515477,0.001314396910169576,0.00896084499114926,0.007461535682970982,0.013397814047572522,-0.0016820467466894234
27,-0.0012354235824761947,0.0021700467992683712,-0.00521386924803133,0.0027247389508347477,-0.0022955153180641884,0.0036191634446048012,0.004569715503625695,0.0016802238824839319,-0.004983941731813326,-0.0004989984718528709,0.005098369120301757,0.006049491183983621,0.004573801810570352,0.0009692493854534256,-0.0008555594598282602,0.00042077700614162725
28,0.00033747935190845725,-0.005963380817668969,0.009710465814387286,0.008957141652295423,0.004095353527579561,0.005177830498795606,-0.0035233255374572657,-0.010717829173702887,0.005812389309640083,0.005848368822490993,0.0154091623466335,0.020432772291845692,0.0003700034379474643,0.009746734001099868,0.0009089467375751989,0.0001682576774539737
29,0.00934934686560269,0.009394747722183506,-0.0023610368519329065,0.005731474498341193,-0.004752075082840691,-0.003509401511447133,0.00134992069200816,0.004191128558315147,-0.007864297608076562,-0.007472010936033082,0.0008044542455157343,-0.000731281319071194,-0.013779628418637892,-0.01103916652912884,0.00021368111323331226,0.001261057673825443
30,-0.011263593955722158,-0.006750318159985758,-0.0028870675372516356,-0.008333215240537888,-0.006757331245097921,0.006615366345779498,-0.018711809914932907,-0.018978380480336073,-0.006439724091856233,-0.005138188805602365,-0.026008621626222844,-0.02963688961765904,-0.011313767948661183,-0.014655878690271438,-0.008047298326577388,-0.009709121252187092
31,-0.004971354457157848,-0.0024315602413642547,-0.0031853037213031145,-0.006196472676781135,0.00016527872818913512,0.002676056297382255,-0.0040875373214186855,-0.009995531350394847,-0.010259599678616256,0.0005023641611647514,-0.016970053595240685,-0.003838033594887039,0.0011372677569405074,0.002839375363857583,-0.042135711622323886,-0.01935994323215269
32,-0.014662094830869736,-0.011046926773703326,0.009353364871925835,-0.01924837121709774,0.002147162951686629,-0.017416525855351382,-0.0010689477341942317,-0.023808047083831663,-0.007205657292042744,-0.022671185905305858,0.019186569869742362,0.016600280373384367,-0.00519103364465112,0.00027556548082153577,-0.009483508084286265,-0.012709126198755631
33,0.002812118685545589,-0.0012632047460881444,-0.008773420074643634,0.009028695770289584,0.0055939921723177225,0.0002749979054963996,0.003914181235798187,0.00935311705853656,0.002822793523478687,0.014284999722486893,0.015015821963558867,0.007172867510848812,0.0030418933854210587,0.005497620818431208,0.0007937272000006757,0.012622628609317073
34,0.0077070527129923724,0.016918807770465477,-0.030251952653823702,-0.0015259417587318333,-0.00856824902454133,-0.010162362180169358,-0.005743170190336445,0.0025117646284563305,-0.005060454292643871,-0.0026629098820909903,-0.01216019158113022,-0.003361674886450209,-0.005838293172517954,-0.017364767054518535,-0.008137433238321733,-0.02522903813026362
35,0.007873730251607912,0.0018002125633296985,-0.007979160621548671,-0.010787768707746398,-0.006141557158244486,0.0012952147359420064,-0.006989645901451728,0.012464925327620297,0.00039515276908477293,-0.0031794025622795567,-0.005627032351556295,-0.008265698162559336,0.0007633968910942615,-0.0004464830940450018,0.004048619861755624,-0.01600753854392859
36,0.021711580311662707,0.013981118959703094,-0.009015383593029577,-0.005907624136679391,0.003490370094084912,0.004949405565828062,0.0032321031409861664,-0.006497373651276,0.009309146447709877,0.006918250563269179,-0.008826933150629952,0.0013197386728491176,0.01025010002748409,0.008336711570914156,0.01193539543460622,0.006380094496046852
37,-0.026519046828793493,-0.021732935418055026,0.0033978422751778058,-0.0027415406927550918,-0.0026582517143981677,-0.010791222487446976,-0.002737593067516003,-0.050561370890920936,-0.004643844924150755,-0.007682850031288951,-0.00749424013535818,-0.008260146784067697,-0.007582496076437297,-0.0038817904856199505,-0.0038873569939933935,-0.008816967725695067
38,0.012563938285033702,0.009363129509242183,0.014236208746869598,0.002087450474846531,0.00464730494299681,0.0008366512028736196,0.0074323526099091125,0.027683769966762296,0.006534301400625678,0.0059102235810557764,0.017707839096559975,0.00744338004896745,0.006322695765173676,0.0065349358072476285,0.0021428208038987108,0.0006323495504850317
39,0.00880719863863689,0.0022268183303141486,-0.01185954879205647,0.0044064257701075795,0.002811139685601705,0.009402535205247442,0.0016044611162113521,0.01620562463317796,0.0015618924919371432,0.005686521501530281,0.008371337009189808,0.00682691680093519,-0.0016401610561504326,-0.006201657887037046,0.0035984255588694175,0.008453224594993626
40,0.021575796929914886,0.01444561452035732,0.00012181143344062163,0.003149975943057475,-0.0009912146627452211,0.010590791132228623,-0.00491084909936589,0.0008364421294452026,0.0005850330098202002,0.008344618414438544,0.005936798566860526,-0.0015617063508729934,0.005414603099956483,0.0029948453521378092,0.018517511690716002,0.016518984989897546
41,0.01899082936081374,0.0011563884225172557,-0.003536099685384304,-0.0026411893830619575,-0.0004959760149477256,0.010153327012687207,0.003370556405339541,0.007016060260109303,0.0011043364754395927,0.007159570178655878,0.009697004400098852,0.0013742782901899188,-0.00238872553991506,-0.0037727279516736583,0.004288362338435718,-0.00017610726743528727
42,0.0011716161067775119,-0.0031375270218886656,-0.012599705004139192,-0.03088744435082481,-0.010640239965676142,-0.0009987120926378496,-0.010463265007569979,-0.02128682632254742,0.0019455518191147513,0.00870887104167084,0.0027919136972346923,0.005727247486675603,-0.013178128036402342,-0.012867195445953323,-0.005280500422574136,-0.00017627821714398997
43,0.008427706471603732,0.002742127130137919,-0.0074497871526127924,-0.0007137212251938256,-0.008729224637853904,0.008381420871083284,0.0020832390812019442,-0.002816107217704536,0.0011009753540954389,-0.006416243444417756,0.020738592327307702,0.019668721251418844,-0.01128801836946162,-0.00984570873309675,-0.0029273439157832875,0.012434534023932717
44,0.0012659801987282998,0.014768961221853652,0.0012454279744697897,0.009550276504147146,-0.008296020165854063,-0.016040007758169786,-0.024363421138773163,-0.003722169457122259,-0.013487696267272102,-0.008078567792906728,8.804983686140855e-05,0.01306103412338558,-0.01980258465152086,-0.014664081014430444,-0.0020485157035838833,0.000261037374837498
45,-0.03644961004500825,-0.002010599649756231,-0.016756443886705844,-0.0080814916940922,-0.0006803865486267069,-0.005445276523551565,-0.013441170538915515,-0.02097602540054667,-0.0019699324278876834,0.007459488820746006,0.008595078106292432,0.0010206966981755078,0.004987530690752727,0.009647544420611002,-0.013447880983762697,0.0070224752252125554
46,-0.029685705025865768,-0.008962264212242697,0.012703048433932995,0.016366347303641404,-0.0076849452488308686,0.007395918488210784,-0.010675585012842645,-0.0087557886561599,0.009485557995659036,0.012310082947354166,-0.004902481491389447,6.0094508896623054e-05,0.012490352211042229,0.021596204098345097,0.025184427969979578,0.005256225022628491
47,0.0034856755176982937,0.013129098399347719,0.003306285277787236,-0.004482699703931112,0.0,0.0008826783809344128,0.005824235498556068,-0.02237292101835486,-0.004306416508560274,0.00183358571570985,0.014462803427580152,0.003414673466917032,0.005158671042376089,0.017958595921491644,-0.009135078792020537,0.0014842727714269755
48,0.006600782672154491,0.01091933512666043,0.012994539689497042,-0.002895356044079331,0.00938484285229398,-0.0010349701791702978,-0.0008974796838750296,-0.0012314532228562224,0.011830581745124445,0.0034743801336413,-0.012621502355655513,-0.02084858097659132,0.0007715523289419979,0.00831509981561525,-0.0033779013245747048,0.0010463752355573887
49,-0.01720785626331289,-0.018426405925372046,0.005639901806973556,0.0010841264097213926,-0.00989934576821708,-0.006385112261529651,0.010623396063950831,-0.0017075420806465813,-0.017733124810295854,0.0010946617530612319,0.028752220140588765,0.018453502205654695,0.0002569855035870714,0.003697720970278048,-0.006064429140629024,0.006428710726970568
50,-0.011925652145195512,0.012847765268330593,0.002503352965579626,-0.00012493983143024712,0.0023984812884642174,-0.0012265962505755817,-0.008169016428176029,-0.01073867885333451,0.006948055949566135,0.00024306072218164483,-0.008977099554770501,-0.0036635559298692833,0.019217922776793794,0.01892525186057584,-0.012579570160505718,-0.006167294711850846
51,0.008744158171071442,0.00782506378580981,-0.001525551125994999,0.0078053402384678176,0.008244586980504896,0.011441595779889043,0.016689237198147217,0.0031141910647832496,0.010914368751427869,0.00418426326131366,0.0177055335707034,0.006178113246667884,0.01588226566539529,0.016585223460934915,0.023071732807286884,0.022486385571856213
52,-0.004162622688193893,-0.025355608176960694,-0.014084365409430928,0.006389865678978244,-0.008934718413219186,-0.02528447511868931,-0.011095083242583332,-0.004506681282736922,-0.008435179313705035,-0.003698171660224281,-0.015475138572095573,-0.004374632688129311,-0.006972149238610529,-0.002832715073640321,-0.005204505460695191,-0.008297958101274002
53,0.016772028510267333,-0.003519021232229372,0.006297949740465749,-0.0013158941202691587,0.0061940859623174,-0.012964755358965073,-0.0007973427050159841,-0.01447164151414092,0.003772254324162876,-0.007437757241730657,0.008022616378820093,0.004314941478010204,0.0023710336195088837,-0.0023142023502004476,-0.0033920807830642593,-0.01872945295589942
54,0.006161739892759025,-0.0012467688204612134,-0.0016633099317605786,-0.011171969684424899,-0.002060458757755403,-0.008387926843279499,-0.006495363466785529,-0.0031249977289754234,-0.0029253531036632307,-0.0002447564932365239,-0.0026385744254456443,-0.00011957824622472096,-0.0021211488767873777,-0.011864484202065923,-0.012160760740853024,8.754126526968138e-05
55,-0.02019467370037328,-0.024268992901096416,0.004367788704040593,0.023582863531960166,0.004458935772893095,-0.011991125724241379,0.005697527690526137,-0.010372471251006214,-0.0008469012204997366,0.0032387499347621574,-0.007958019325998659,-0.0030548541449077764,0.004859433623956024,0.00563206413812972,0.00028190798304139256,-0.004385681846070954
56,-0.008929282949020997,-0.0038732580055528022,-0.007702528775336319,0.01814256355717501,-0.015520182226064388,-0.013276821657937195,-0.007446214487565409,-0.012030360087271888,-0.008703843809216055,-0.012215191352097697,-0.014189511906134464,-0.00903956151154917,-0.007110401700446564,-0.010224810149685844,-0.04667299521158089,-0.018811519079282305
57,0.004932425818805283,-0.00791775907885119,-0.007201487947207612,0.009848768261850466,0.001042121105275657,-0.003363374671024748,-0.010270143005224698,-0.011265974296896155,-0.003687681507706627,0.0026522372349146494,0.0015672385511060567,0.00657678751762,-0.008928031025089291,-0.00085689588150022,-0.01853836795355228,0.00035824702674577347
58,0.007353148975016708,0.0016705021403373738,-0.0014964565139015948,0.008225244094522305,-0.010471268992854482,0.002482697078043039,-0.0036388958631945133,0.00539733451699203,-0.006087861468813452,0.004424958835711766,0.011160774019220988,0.014508165177605233,-0.006208395313476808,-0.00021432213857542468,-0.0029524811733991807,0.004021260630255027
59,-0.02367648512082375,-0.017151944415758083,-0.0077674236136055326,-0.00951039326267882,-0.008279809937431337,-0.01297157514086061,-0.017613923272477565,-0.01592244994944507,-0.008934063602292961,-0.003501486436832495,0.0015474412790742827,-0.0054084296956843315,-0.030192024388563804,-0.023749776220100806,-0.017101685509909193,-0.026935822482125497
60,-0.008937320667663748,0.0020801748736837492,-0.012083845987144886,-0.0034086858641403472,-0.010313022416799286,-0.0023826420707661615,-0.011983229647917926,-0.0009204398360841872,-0.013348821792900723,-0.0048116098203534125,0.03203851074963364,0.01912449287160745,-0.006307321673455024,-0.011368364378332056,-0.019963470082663064,-0.008834112700836998
61,0.0015244568264965385,0.002713779543170476,-0.0014649332058630025,0.012566292793111502,-0.0025053527359784854,0.005517813152836643,0.008413162818384144,-0.02607115451183247,-0.006810200107025206,0.005057766202571827,-0.0060916898387051365,-0.002634370199145154,-0.0158112270867643,-0.015774716173965225,0.01633523289055495,0.005898144578241996
62,0.003041877316964692,0.0067048247566301985,-0.007229115536958565,-0.011653572013118611,0.0030414297415548752,-0.004391956405833684,-0.0023543889347521587,0.00654264219607466,-0.003285323378698452,-0.016187982670046053,-0.0159463280150342,-0.011615355025082704,0.007338633184586023,-0.004747275508005281,0.013036962487734182,-0.007378187866523823
63,0.014726461205972576,0.018979562430637486,-0.003859885705623354,0.020378473297182315,-0.008971929342902784,-0.0077410474493459615,-0.004873657297415734,-0.02028996933463008,-0.0046041233634870156,0.0010624332981912978,-0.016723553016235612,-0.01241208455620985,-0.04597564123056159,-0.03247267157874354,-0.016801940168940124,-0.03197865047815486
64,-0.007800035199254838,-0.026481737181454603,0.0012240163057809757,-0.009960637461874497,-0.01087356110162739,-0.02666737353051863,0.0056099969756909914,0.005786325368169566,0.002064238541188888,-0.006328553347209751,0.0017282079656580705,0.0023389705863904016,0.013411859006042056,0.003738278247807691,-0.022576845757234402,-0.012115446063512319
65,0.007282004659171131,0.017617231947820933,0.0011581350118871382,0.0022546673836401987,0.0029111555916757547,0.0015403713103046758,-0.007437548369284258,-0.011659932631739787,0.0032937699477371247,0.011934300222730067,-0.03809901803056025,-0.023578963126198477,0.006570993436987885,0.004189040202125491,-0.0026601405903288232,0.010297882441648502
66,0.007172256181738851,0.0012531938475487262,0.01036269079374745,0.010926715140603315,-0.04953529997248258,-0.002362709584141452,-0.008091173964525798,-0.0023591400838909498,-0.014977668660282956,-0.011997191910514602,-0.022768516088097962,0.005260848787746947,-0.027107386107837833,-0.007459347284976105,0.006511018965797924,0.0009571138677603546
67,0.014642643247834581,0.02443609382048682,0.003176821494891686,0.0164839256258369,0.01440514565930228,0.0038321625690865236,0.009030076103405778,0.005834105480992183,0.0020145722661956455,-0.01692648030254201,-0.016839726880618095,-0.010241344285374904,0.011984669900889618,0.016705793116284028,0.005403942109859825,-0.0012443200356812279
68,0.00841569247665548,0.007791977533271726,0.005692952788473146,0.0032339962188826107,-0.004904746588247628,0.008636797495932338,0.00904721226061099,0.005906314402784967,-0.005079141658691997,-0.003650834200452436,0.03439286348763516,0.027300760368070498,0.020158412539748337,0.014958888680672099,0.015237058654092302,0.00981652068082207
69,-0.003357799798971537,-0.004345034401281179,-0.0011359645259805986,-0.0043206431425410466,0.021514155913894644,0.012984177768036382,0.009984200476311112,0.0263875524355312,0.009856440909357157,0.011230307310226841,-0.004246275912548021,-0.0010802723306343625,0.0077084115212515646,0.008014938698616579,-0.01153763245318182,0.006711188775560784
70,0.007872977535287411,0.012197352545597855,-0.01386177843207518,-0.00020990886381944322,-0.005940208577526658,-0.003917928335992845,0.015054493483314512,0.013039239983762642,-0.012370763501172334,0.003989502358772314,-0.03651185910392555,-0.03321021957256547,0.014046167436803729,0.010402223162774721,0.04356291116727688,0.02032895904332047
71,0.005048430393608782,-0.0037976843964978315,0.0009600431131056512,0.0026864876155228926,-0.016898605731409447,-0.017020320470605345,-0.007138152584118203,-0.02462888190048329,0.002235441869592356,0.004539991459162284,-0.00018782803967194665,0.0008066362488625878,-0.024201250894289462,-0.020686575504129164,-0.008367172002992817,-0.009087694416646636
72,-0.010346005113391699,-0.010411454010840046,0.0033207627092871257,0.026031186125182227,0.0015136608826072475,-0.003760881654567252,-0.0011546931151210787,-0.03397365027734179,0.009513546022181234,0.005521152710902168,0.03143466202126695,0.017400330410387632,0.013383117961958936,0.007356707767573447,0.016425496780343204,-0.002985348729566278
73,-0.0007272939407411599,0.014870625349400547,0.004326035068945413,-0.0025431125679657137,0.010158067162630343,0.018362622872213193,0.014716698949787986,0.00010809539358437129,0.009492445341080163,0.008597097306997733,0.0007277909668169962,0.00813449569024286,0.021126066250348734,0.008757171947088197,0.013208951133050754,0.012073043146212934
74,-0.00882340221119494,-0.0017451622069062113,-0.009183195343414462,-0.002568234322585748,0.011907161081838223,-0.004685774064456291,0.002416109037553286,0.003616515435061727,0.0012997736119538855,0.0013017913683707203,0.013011905079201143,0.013153807626570589,-0.005140739640708424,-0.005604768803408729,-0.013508508763055652,0.016660885849306795
75,-0.007422344258476402,-0.005889756396019111,-0.021761210864618727,-0.0010999798942262107,-0.0003699405296316391,-0.0194486159449277,-0.02598044599666079,0.00048477470345752155,0.025449556463272727,0.0007431501139152991,0.013907591205514205,0.007904654624862353,-0.006629527705890299,-0.008693161134957704,-0.02505515389289535,-0.014632134336251254
76,-0.002163428161843293,0.003658852926272172,-0.0026878515906315673,-0.008298458483442786,0.00553509067388478,-0.012027785136732659,0.02118994555156846,-0.01574071274994296,-0.005643561448991165,-0.004778114289533771,0.0006195763864787945,0.0010649684021731057,-0.010027552594909806,-0.0046599256120977975,-0.020794627040301317,-0.019065931739273286
77,-0.014813406467563668,-0.014134222851484832,0.004454197240674867,-0.008690147155715111,0.004039669263857025,-0.0012560731271497633,0.004790500445092315,-0.015158905088718018,-0.0013498788187883651,-0.012581138786380508,-0.01731414446650872,-0.013514887734946194,-0.01448223404112195,-0.008580698032187107,0.0041311529910031805,-0.003291778817102746
78,0.0006938517550977942,0.008079377355877305,-0.010578640902096108,-0.010414062339322638,-0.00901984365197008,-0.004689519240082236,-0.01708465018451704,0.005483748319423772,0.0006751190383298447,0.014072833235622587,-0.014782842721261185,-0.03756066381817188,0.0,-0.008075847238421259,-0.005009805939343156,-0.008894914565568372
79,0.0025401028065425635,0.0036675196228254875,-0.0010575023162067445,0.006554830209223262,0.028437891260977562,-0.006193030857405706,-0.011229614258941098,0.007320002964993219,0.011743121688015863,0.013816322868637824,-0.009731946538709556,-0.02540075586542492,0.018772986683343363,0.01642867081544937,0.024433923203937304,0.007197790654533698
80,-0.013583440452317514,0.030216888108880773,0.0022458369548114293,0.009874842831829399,0.008589964936504877,-0.008436344754632768,-0.0010713705063742302,-0.0257172385630478,0.004659010748826509,-0.0030060601534784106,0.001843396791787286,-0.0049916443775529385,0.008261250776905553,0.004434036701591544,-0.007996123327994098,-0.009386216186041137
81,-0.02491338838801641,-0.038236053388411316,-0.017101399412819056,-0.0034953294726887485,-0.00607696704010402,-0.01048437670769073,-0.014627382008760252,0.007622928177657524,-0.0053261366919097625,-0.00610109955436928,-0.009158614205134996,-0.007211363560414107,0.005425661898635206,0.011841090654487924,0.07796468269599652,0.012683586889106603
82,0.007937779121794507,0.0058385091303297795,-0.02308303242951367,-0.007027286743240642,-0.009728021073009822,-0.005554956765156163,-0.0025745588820270783,0.003344704625133086,-0.01778075316166914,-0.0037158722527497476,-0.019235834597995893,-0.0695699886445206,-0.011148052893326254,-0.01889934000902291,-0.017692439928866984,-0.016883636212732495
83,0.012230212245693775,0.022485590643674655,0.009773563569693198,0.0101076012089136,0.0163393686701688,0.017995322190294778,0.020024148615738882,0.014694795089803123,0.014169310287295792,0.011413121672343627,0.0031215338417832114,0.011981895954883184,0.006385672412154642,0.004218232697138322,0.003772221402982115,0.00752853307993193
84,0.0028148144409737754,0.0023688973765813273,0.00887012697145224,0.010454697277012618,0.006036970747660114,0.011339530435901342,0.008756469954903664,0.0242176737554784,0.005145580628940189,0.0023895043975179233,-0.00028333999212964566,-0.0024672416261779084,0.0017224400167918743,0.011199797691846872,0.03164196912585998,0.0423814874871866
85,0.018565244284819163,0.023269899976109686,0.0023567912951032014,-0.007421593238671716,-0.0008855681931902353,0.00679119403837104,-0.00024083440503365553,0.013609981043373283,-0.0028035269597761025,0.008894955177228466,-0.0019859226108711785,-0.012081221025871216,0.012366841902555341,0.0072857797478002185,0.0010656924228888752,0.023384484645154975
86,0.020482010069162636,0.006480566641704028,0.010370469664768154,0.008485516498712046,0.011450910927804005,0.027188674118779434,0.018284319047986244,0.013791823007217607,0.01215763226150681,0.003934672773618567,0.03231949011626125,0.03265993610843269,0.03545201119543045,0.003901353230307444,0.031834393298536455,0.029345557408381243
87,-0.005194559450046445,0.012779585481886811,0.007294860615140796,-0.009802949754986679,-0.006149533951234143,0.003660032185820726,0.0034945675892747823,0.015708523368822655,-0.009087607898201028,-0.005209261300202717,-0.012264477355030313,-0.00776061884242915,0.006039300111940865,0.00432918478305519,0.03426901585610116,0.017542077455728153
88,0.014499545448577301,0.010517089659551665,0.002375833295774391,0.004810246105476377,0.004045376655148807,-0.003524160122801408,0.004562237136865665,-0.010824878897778892,0.005780608903860594,0.0013351980576796173,-0.017880162039320205,-0.004141071810059414,-0.005913173262070401,-0.006222169251293458,-0.020516608457487998,-0.006894450953827879
89,0.014347241232780692,0.011156785002795799,-0.0052874735680338856,0.008158522371429847,0.003679383774393444,0.0006786718464774122,-0.007962154622528412,-0.008013327279990361,-0.00232159548229405,0.004659212955252524,-0.015803796130630474,-0.01777609779949999,-0.005060039105446079,-0.004916286080309388,-0.0067177313078611274,-0.015840607430098932
90,0.005867754558166268,0.0073785374310988555,-0.003651417343555721,-0.0020473469995481194,-0.0015752264783080662,0.00389371351074601,0.002786887093734541,0.0021918284185764893,-0.003858888048096368,-0.00818314339955537,-0.012358964209068056,-0.014016518630268657,-0.008917295041870261,-0.010358004097915126,-0.0055695580850210315,0.0017340127563720581
91,-0.0026279507038552323,-0.006934862120438672,-0.019680302044528128,0.004220313408020419,-0.007560541749042663,-0.027580163254134142,-0.00838421051550822,0.007789010115272355,0.0022639736557799896,-0.0023155252800766404,0.00029137682938500434,-0.003235481612763185,-0.00012940942146806185,-0.00453738232751315,-0.01408855543792274,-0.01439626338774741
92,0.022954504448200252,0.024591869384314742,-0.0011537953957702094,0.004091916149851528,0.0010584966113223841,0.012839709494993311,0.005975632394811449,0.01702688467734109,0.007025555039630117,0.013753183852097514,0.00764361872905554,0.007090388447170983,0.0056788491343876205,0.003518240229810365,0.010666605376215393,0.013442911329289148
93,-0.008620648761127747,-0.008121212466780634,0.0025773189739536043,0.0025096386195764225,0.00369542711383033,-0.012145031443426135,-0.009931461170398684,0.039338052787973476,0.006910868150144973,0.008925740432027462,0.01045114364083869,0.007318332897710693,-0.03510054309099421,-0.014262412642975297,-0.0009254038093364212,0.0018192321884602455
94,0.014184596096404057,0.009742924365538532,0.00020326948269148044,-0.003896313981630004,0.002981684083888003,0.052606205662706115,0.029595997235814627,0.014223234570290677,-0.002232699571183871,-0.00017900182759306323,0.003842944273654827,0.007265377182248302,0.03136138254916652,0.03200363801850101,0.05602011896800528,0.04443671191455578
95,0.003036324089253034,0.0004059079004132218,0.007690665127829371,-0.0038004222703933,0.001924565668848278,0.014906683117762323,0.01101978612521892,0.005959006417997789,-0.0046122491480935215,0.012625169748292546,-0.006059179751023303,0.0035098087661113112,-0.011433246177938266,-0.0026746380276771813,0.008613743682706726,-0.0020718929525876503
96,0.009001560673634555,0.017430528629891983,0.0086986747575109,0.002615442670596881,-0.001049228975524682,-0.0056945053645831405,0.005852231858487842,-0.010161176415855764,0.009268834340136594,-0.08439120841040365,-0.011643874802623279,-0.015954371832669168,0.01104549845204163,0.017845073659115196,0.016355228933813627,-0.000996062445803343
97,-0.00010549063489180378,-0.01694370538053479,-0.0020675802872160364,-0.006560802809618322,0.0019228833809389837,0.0027048619384776235,-0.0006840280280061656,0.006945749530331607,-0.011582859668160868,-0.004431702348776323,0.024106859839770674,0.018796555984866285,0.0001291955558947427,-0.0018868388130893047,-0.006904352282510462,0.010409070934005645
98,0.009235490155683103,0.02031408961974465,0.008777190858700726,-0.00222134418164979,0.0024420582166783792,0.002989643426105501,0.00858485821215721,0.0454335988535229,-0.005309623670625582,-0.0003218949460570826,-0.004392213166649556,-0.0005539939327221826,-0.0025875245177175415,-0.007919276444690478,0.009562581721295815,0.008755053938777405
99,-0.004239787483460616,-0.011645502280382757,0.008039009929005931,0.00835609790489732,0.010915774832653737,-0.009290489433374342,0.004062270243444057,0.002568912765894057,-0.004401948864403925,0.003599411756368341,-0.0003828643282400189,-0.0023577464558190066,0.01095157022765384,0.006473861324653453,-0.010574579476811312,-0.008179994399478377
100,0.003508254314831622,0.01273118502769499,-0.00198702989442387,0.00769825082256525,0.006698120181779949,0.012562444289638739,0.006689322304232282,0.007485543055102804,0.00938054740502623,-0.0076643360182814145,-0.004317144390559314,0.0020113770521140847,0.002687362115741282,0.005326284882493491,0.00630787589546176,-0.005353047856010443
101,-0.007028938989656426,-0.001112298181197921,0.011077457892297665,0.006123641024447345,0.002564368058518235,0.004839417001537023,0.00352854398736776,0.0004091564203460327,0.0023809293503630796,0.00894675127743568,0.005369615258934107,0.003941514307121206,0.0031897572885481802,0.004196579763157359,0.002662662363388532,-0.0021492994530034823
102,-0.0009480088906418656,0.003121580418546652,-0.008032260487009895,-0.006436188482091348,-0.0018798874965332145,0.0007078127981469154,-0.01994978791925977,-0.0031868772486285946,-0.0009252700519390013,0.00453921409812571,-0.005850527684343291,-0.0037336117784119217,0.0005094292156982136,0.0020917096914269367,0.009437521974647301,0.0071738043529942
103,0.0032089277548462175,0.010744751358811642,0.0023110042056501646,-0.0056451273592516135,0.0020507224798034856,0.007753144322200111,0.006257389257309563,0.01390196960255984,0.006918616556859345,0.011857702335297041,-0.000577228005683297,0.007934565707445123,0.015037920262528185,0.0021970636929249335,0.009939928309100203,0.0031992147698159195
104,-0.005424370377553268,-0.010110947674167908,0.0031606068013507785,-0.010321018220962526,-0.005992718985156746,-0.000739218744329296,0.0010842311604247546,0.009221184656003807,-0.0076462824667346075,-0.016268800278537495,-0.015128351909188658,-0.011056622388821293,-0.006417134128191075,-0.004619407502862161,0.014460386692773537,0.005390870047947651
105,0.0030581052594888486,0.00015828884436363565,0.01662526011426748,0.03307432183670196,0.011530896635000211,0.007910210213885611,0.017012616646444725,0.03157746921268752,0.01569046578023301,-0.0025018633576691187,0.003900955026929945,-0.002156445532683568,0.00415694735916112,0.017159766057715155,0.012531524574119149,0.017202109611275183
106,0.006768357204533944,-0.011680127745793897,0.02376798620987179,-0.007156721504222643,0.0034165183963682714,0.019365415957656625,0.02671849937656881,0.009624091469595239,-0.005617601752422019,-0.008708873211487016,0.0024303979946486624,0.00839072211180778,0.011995682665811616,0.003893604665235872,0.008062043417163567,0.030982749535358706
107,-0.009509658659121952,-0.014442600951206865,0.003151958404270777,0.002044862395440592,-0.0011944749472458554,0.013672399648721906,0.01087555363777845,0.004266764254980572,-0.003938042585444664,-0.00025915764911430483,-0.005452296265009683,0.0004142712607906385,-0.004731263236213433,0.0009710810572258758,-0.00830143823081455,0.01563558170185444
108,0.020844456077605916,0.009114722954598012,-0.0020791154690034527,0.0036048527898343303,0.001535471816645564,-0.001606116406790624,-0.007423951462015094,-0.003027488833592829,-0.03547655411501001,0.009224875063399215,-0.019619082816406622,-0.01397156586080004,-0.01028603037761771,-0.0028077699368050358,0.008016373042600864,-0.0005351118365487163
109,-0.0057032445947048215,-0.01003616256451982,-0.01224763249955578,-0.0013275228174578788,-0.0010233916476147672,0.008035531296547414,0.0034398604908505836,0.011591234682699713,-0.0007498870053289556,-0.010911284883966893,-0.013330188541996644,-0.002312671616574342,0.013152259881666524,0.015771996604017614,0.0016620391267833285,0.007237811141979349
110,0.010088255678689035,0.005812827022149847,-0.00782004045594108,-0.002295510783381646,0.00238632128571414,0.00018417035481853745,-0.0007771791548088362,0.001855691979832555,-0.0010233677251493872,-0.006602988162003822,-0.006986316283596022,-0.0007720877820901509,-0.0019929806152406376,0.005520169654740523,-0.00018977615637755585,0.01163960972409727
111,0.007384956266917655,0.00880325809816769,-0.006326254175900317,0.002732132559369444,-0.002215657265502848,0.0009192015033190252,-0.007457839422128466,0.03058137206021651,-0.009257625552010583,-0.010549940212325718,0.011416063564513941,0.013183310586744027,-0.007007038983634163,-0.0007413180697664512,-0.02047201630515399,0.011581064260560789
112,-0.013011615511045727,-0.007860263297548228,0.004136054222206126,-0.011139180179887102,0.0073098790807424275,0.014776724238109528,0.00978782861168314,0.013718324665393215,0.004605246024482148,0.002515658944657446,0.0007028901431951332,0.0002772227578302166,0.010616546667957966,0.010224040099245957,-0.004125665386935683,0.014197284910109981
113,0.007888981841859441,0.008260983071175714,6.446901563504756e-05,0.003745131837693396,0.006415604339566763,0.0056282085408851015,0.0037854839265054536,0.0022145848363612766,0.0008225554187681059,0.0007931917455800661,-0.015885360000062312,-0.012899017731276724,-0.006106360786886529,-0.0003146130388989256,-0.002678663450758105,-0.0021539643601212657
114,0.01655368341978379,-2.6752551177564812e-05,0.004632236549575753,0.006010644051163198,0.008546388976027709,0.030152972220748326,0.016099088354035524,0.009128457346167861,0.017927959876482824,0.017616047375725648,0.008833787206416038,0.014698586392371572,0.04365788591021706,0.028438891276057542,0.028793751003370813,0.0348527162912032
115,0.0007573967334843318,-0.022802522091283584,0.006908562859626233,-0.027271569204253162,-0.014961993315594297,0.024195374507271817,0.025733910919166658,0.02102014123835034,-0.026737307527292,-0.01227894244716203,0.026535301105354094,0.036127908200943255,-0.0028758685678635845,0.0023422220479827663,0.005340162999233272,0.051228787177492525
116,-0.002729442987075735,0.01303202614250153,-0.01096056883195009,-0.005857044921252435,-0.00748054310095377,0.006205585970024787,-0.0036301105215280293,0.03085679989072802,-0.004850676635853152,0.0037388934023288964,-0.006716755839007287,-0.0038757906978793585,-0.013288451438798844,-0.017236452593084678,-9.432548913564596e-05,-0.015330559092010443
117,-0.008539734380822108,0.005165491813821305,0.0018028854535470892,-0.008641711624012085,0.007141689743835467,-0.009052137398590137,-0.0036432733568889544,-0.01471393875050744,0.015234811689058353,0.014494402742319714,0.007405614108618449,0.0022069692924761796,-0.006098994724226034,0.005572804187046955,-0.006905596692998967,-0.005069919502904277
118,0.005345910935582905,0.0016356166985993055,0.006540675685864005,-0.004778355951573749,-0.0032244753480521514,0.003585265072276438,0.006408203362838946,0.011834028459459503,0.0,0.0036071404824477007,0.01309634361798069,0.013009735930688302,0.004882073449126066,-0.003711834385851069,0.0014702348356716464,0.010665704255120123
119,-0.010771752535672882,-0.007097920550263273,-0.02059933777393244,-0.015596934386140087,-0.020955765162045215,-0.0097328087237154,-0.020021843712685165,-0.012448648379590442,-0.015582188581858433,-0.011770949279811907,-0.016841731890439905,-0.009208726411458538,-0.022284610692727216,-0.011740930106413644,0.0005212488378957901,-0.007259757554516723
120,-0.0007703121948035591,0.00784781635560174,0.01019111575505582,0.007626934135638933,0.006574471279342318,0.0008887247694919358,0.017794010825373827,0.0067780872489173775,0.0024291220988535657,0.007066171775668642,0.004532055677500272,0.0030569830758103832,-0.003492141353331758,0.007081900524843818,0.014904166571557147,-0.013201625096789866
121,-0.005562857240551826,0.0027803411389167587,0.003996361050456895,0.0008267949702810871,0.005674476679862782,-0.0010894803552391424,0.006053262841955554,-0.006048278696022463,0.007045638994897561,0.011880122218600924,0.0017678695638940617,0.0022533066976037426,0.004238837083507474,0.005175471138016094,0.004237762495609859,0.0005621867881781058
122,-0.0028449465697144623,0.0002135562567520221,0.004364476706121082,-0.0005382616101516417,0.004106811434828228,0.0020633532827794053,0.006995683061140776,0.008982752335993513,0.004532640085711386,-0.001533302104199972,0.0022542497087769207,0.00896340321256108,0.00434501033634072,-0.001343041318008773,0.004867620385087001,0.00951194159944511
123,0.000517761097197078,-0.0015760274063466443,0.0013441124766034348,0.005293351486720434,0.0025581841223238267,-0.0022354972901378767,0.0021177888605711814,-0.002629135162580311,0.0008219770404577535,0.009354556688667692,-0.004710435666557839,-0.003285994106864462,0.0009902992264424232,-0.004455285532863216,0.010110009014070222,6.965217563696098e-05
124,0.002223814565484317,0.0032294014594343124,0.001469903096144587,0.00402790983981363,0.0006811166545953274,-0.0033626485462514436,0.0008539355104428545,-0.006699230566578738,-0.0022619422870433607,-0.001965439817063632,-0.014565483871453441,-0.014187419003727435,0.006414305932892041,0.006417593147080076,0.0020281521007709065,0.0042367538752063495
125,-0.005438875705946598,0.0020231085751286197,0.0010213913076392606,0.002986506990300176,0.00305908146642825,-0.0023345847796658586,-0.0016272718411099647,0.0011899887934269941,0.005542811618870492,0.0005075344693643505,-0.002098299452006011,-0.004081321697765931,-0.0013533830982623862,0.0012373727798552052,-0.005911658045330727,-0.011431864790801305
126,-0.03644268981030304,-0.013843889936466802,0.020397860198203333,0.024151954117995617,0.014989765411567772,-0.004250833807221074,-0.008956173171515206,-0.034740658552267725,0.01490148167725322,0.01034909515747516,0.023525878720288343,0.002143073665407975,0.023845291807665002,0.007903470419379246,0.0134809932507606,0.0027304611839616523
127,-0.007515727988031068,-0.0007282738559884583,0.006231655360417116,0.004975129310453866,0.002337642491157942,-0.019961405092719292,-0.007132090983843991,-0.03167691170509068,-0.006069204293055947,6.272806360616299e-05,0.008366613077657023,0.018886666034186424,0.0024015979375005235,0.00986838004043596,-0.0190086208550729,-0.020769280758624584
128,-0.012781441834685528,-0.007203485243439467,-0.002114332846681577,0.00623479260057674,-0.0033411790957057386,0.0009751102943142797,-0.00265147916549661,0.004213969567529856,0.005463918891473818,-0.009714340576407837,-0.008757483357577358,-0.01102362870552209,0.00011991148026163111,-0.0029401681166436877,0.0035801736518498834,0.001212718569861466
129,-0.004021162182820976,-0.0005165032977405745,0.0031078761776061536,-0.014850678736161214,-0.001507187210904461,0.012765556958521008,-0.004781984412209873,0.01643960570630144,-0.008309041437293118,-0.006677892695449093,0.0030251420491729138,-0.0017272415998598376,0.008121415801927911,0.0005076345353201889,-0.0054917798205161876,0.002776728631276883
130,0.023887307363338963,0.01869570237031824,0.002479368988939812,-0.0016015670637362681,0.007346894235749932,0.014445802961386204,0.0029550545979040296,-0.08373089291046797,0.008578005706249264,0.009779111763258002,-0.016802157881445536,-0.0060019688569970305,0.005220038358341692,0.008588916827198435,0.008365205218524026,0.011662889514037255
131,-0.002266002808977866,0.0029315027737455723,0.0006188844966086127,0.0034422339475553374,-0.0018316059391420623,-0.005013459232002973,-0.013430254873407915,-0.014249537597149184,0.004094184537798284,0.006675902519891171,-0.012463441675991645,-0.025746681275025576,-0.004506722624927018,-0.0030229920904213036,-0.019723091373462284,-0.001054624957682029
132,0.005655359858059293,0.01840369370316917,0.0014837744956917207,-0.001356975668666085,0.003327785705411869,0.030187596476550886,0.006674909488877141,0.009171144710340551,0.004277526803692205,0.012351999442678032,-0.009880992433568447,-0.008270350865057612,-0.019080076949205705,0.0019155343096268853,-0.013734871506759127,0.017641605046217042
133,-0.0032276929324966145,0.004847672082521011,-0.004458045474496748,0.0037871245307827053,-0.006499493906117077,-0.0007570986156719452,-0.011022848847131686,-0.022997648402260394,0.0037941624930593783,-0.0011165489147425562,-0.00020272497973030057,0.005383532538583623,-0.02626884149025076,-0.02168792671015445,-0.0063367657844513965,-0.0020757251620174316
134,0.0017765285602085606,0.009934056262131164,0.007665380348557806,-0.03424784368773476,0.009650619512421845,-0.0023025405026242006,0.005610779494482319,-0.022528007805100912,0.0005979158639645673,0.0013025567045165582,0.01288903367880418,0.013604695021458208,0.013466098514842203,0.013394147342843336,0.008535534998412688,0.015395438074772193
135,-0.012393595457617519,0.0046228177685438635,-0.011582348669762701,-0.004535505933278359,-0.006645604348552289,0.007617556512601437,-0.006330213288484687,-0.08220394211663251,-0.005392979885532894,0.0031563649517266017,-0.02287075206611251,-0.024609514764271118,-0.006278014771660236,-0.004376759505473013,-0.0066110799265849665,-0.007461890659590402
136,-0.005186907246070384,-0.002051895690200113,-0.0005608504124720076,0.011091145718228439,0.0,-0.007645627207679117,-0.001694911079080458,0.012587479680333795,0.0010009015285089582,-0.004707263040289932,-0.007294401632035483,-0.00397466469844449,-0.015556288574625668,-0.012316605673263804,-0.015012447987367195,-0.023710532042127027
137,0.032051537065617454,0.011233991209143394,0.0048502411146405825,-0.016518594874424777,0.0028297562882526783,0.0061658272746567926,0.009202310594811587,0.04124347054858355,-0.005781941580575539,0.013382447044962663,-0.001857833571148295,-0.00912482647697462,-0.019376382872819883,-0.010068126985999851,-0.00508728603811117,-0.0020424904045730614
138,0.015413569898169756,0.012113145557683178,0.0029111472736237406,-0.025062619165700472,-0.005500444031612702,0.012522649218820356,0.005363948562136314,0.015986103087647925,-0.003855028749205521,-0.005282277080597895,0.001548320538363381,0.00295714448376393,-0.006414419007802877,-0.0031344977621122587,-0.00019620662825301508,-0.001481892528460589
139,0.012089857628838267,-0.00543266419105493,0.004874364872755398,0.01855349953077079,-0.00435511863716214,-0.015909172317118688,0.015921407259232495,-0.0004187045095618596,0.001963173161109479,6.159022636661107e-05,-0.0013417532491596872,0.0017560339190344763,-0.0056788491343875295,-0.005246063553434079,0.0007355938928934961,0.0028205614964440374
140,0.006631274008866295,0.006009403225389956,-0.016507778223597433,0.004919826428858526,0.004689334320203514,-0.016707856175301676,0.0009045572387405832,-0.0160873626641079,0.04055687725088641,0.0025216418878351464,0.011195063901013024,-0.0028112498791683844,0.010941702435571726,0.00576917330324878,-0.008664082408720844,0.004075700513828751
141,-0.0034900956438296315,0.009133396092057352,-0.005333059619721967,-0.004452111567511978,-0.01583059906424821,-0.010056619850229601,-0.0041181181592691764,0.01235833208209384,-0.012153058133995226,-0.014228513911564742,0.017113502349443373,0.01972122173310247,-0.014442526711000766,-0.01125439443429651,-0.027569288389531495,-0.007814497791093304
142,-0.0016980112470685643,0.005721849865732079,0.0037673981352906827,-0.03940389671541363,0.004234824190882803,0.010598196966176358,-0.0031411030841266177,-0.058909844329176626,0.02274736415173563,0.01447416096166229,0.025084306757507085,0.024874480307584164,0.014186383444938496,0.01250872115411615,0.01738214825511067,0.009426018610902377
143,-0.00905360999818524,-0.0023243787318715744,-0.0003759877650001051,0.019667548092865503,0.00354335021663689,0.012261738518668573,-0.0048967259229040815,0.017626556505564144,0.0033360388147921066,0.008743308519016741,0.008482537015586952,0.003829140621573961,-0.0032065319189828736,0.001461441590018076,-0.014692246164987276,-0.00610974630970663
144,-0.0035923441634900153,0.014232361773368016,-0.0008782373667357346,0.0026594218160198883,0.006045350959359305,0.0011252363643278083,0.019689245972292168,-0.0013636538320942386,0.00012803083806699816,0.004676395859154982,0.001261298794795978,-0.00040229835026463386,0.006913401613419016,-0.0010437389552305698,0.009182833477811639,-0.001621513573859216
145,-0.01943346535237078,-0.002761795230350605,-0.003709162221878845,-0.0018450040447556026,0.0028421923777439484,0.003928119462099976,0.006221129080234555,-0.023421428843147733,0.0084808486843943,0.003327025037644479,0.016540413228534348,0.006951820035398455,0.0007652744766739536,-0.0025090828899163023,-0.017990260236937984,-0.017724727254564008
146,-0.019547368554896534,-0.027316007740146784,0.0008183902490934954,0.01601447684377608,-0.006868260477859236,-0.01166111948521459,-0.011291735747224871,0.0515326957303644,-0.0022249169888507387,-0.0020553923970612503,-0.019648108021529852,-0.018081524903655832,-0.0038319678048412942,0.003135469772023788,0.00046006210248047995,-0.004534938797743616
147,0.01325244235007279,0.015474044507267228,-0.0034040397316256257,-0.00902954523701299,0.024737623364409995,0.019943682242414666,0.021655430856603337,-0.005845306063761194,0.01289855305291513,0.018348031613078235,-0.004093584697353536,0.0031152619419247784,0.019642078796713203,0.020246537363920725,0.013907538250195752,0.005683157501461403
148,-0.005419821930431816,0.01825811612314995,-0.011112373299427908,0.006074537191501451,-0.007241645605007396,-0.007918522803580822,-0.003778195433015716,-0.002051542964939923,-0.006871087170081043,0.007458347160578315,-0.004110331209926879,0.02898954571258465,-0.013390910002868585,-0.016185099973531205,-0.024905609020561215,-0.010528558286113036
149,0.009798422588869161,-0.013637643459601348,-0.005185439129468621,-0.014350988474229156,-0.00829324412044944,-0.005867756096723617,-0.006828753795145927,-0.01322102829788085,0.0007587585279920346,-0.005380985102521706,-0.0041273759434836965,0.0005910740602327043,-0.023548632155980395,-0.010132280070626882,-0.021098492932321605,-0.008371914747321506
150,0.008594721642689845,-0.0003945235372157919,0.014401520332224135,0.015212995028183064,-0.0016669342296507035,0.0031205992579408422,0.013011026870145772,0.009392891808359245,0.00472936424881082,0.006795250083949726,0.006869492996449962,0.00013122267474782967,0.0055834255025560674,-0.0019967468597260566,0.011544426602719444,0.04712130619515465
151,0.0005809988068815937,0.020890583748295652,-0.0005063003667810478,0.016931475850039224,0.0008338144485008629,0.01791573441895675,-0.0028455088788327553,0.01588616524457674,0.0010060166329593791,-0.0025354342660003117,-0.00029346871979353295,-0.0014451155596608384,0.0012939752936413707,0.004617981125667175,0.010122355359563318,0.0003486604401658845
152,-0.005771369031897694,0.00014483065297128247,-0.010051563115628655,0.0013468857058628978,-0.002670687743359971,0.002835802710846761,-0.0013655056727599753,-0.012822500831018052,-0.003021186944160512,-5.899493428186847e-05,0.016975053203964734,0.012606779799801354,-0.006693453167877191,-0.03029729073777485,0.00010326479806638031,0.004590710270197787
153,0.004085618004224876,0.015431730333180854,0.0022991045215553577,-0.003602145487985903,-0.0045229638704037,-0.0015683231322811341,0.002528701198076405,-9.561684484895307e-05,-0.007720091485884113,-0.0005315393417423671,-0.02138709038910569,-0.01979751958927136,0.009436503875553228,-0.010415621285738244,0.004122845258068944,0.01944874666186638
154,-0.009042671534958767,-0.012658533223520825,0.0069293969905613526,-0.001119793809940267,0.0023477669245357624,0.006313489348478076,-0.008252018984772866,0.0006212458102974704,-0.001971178214135512,0.006007436729174021,0.01366281033919829,0.006862025190315186,0.012058428981772602,0.010415621285738278,-0.013826848983260588,-0.00840663704776825
155,-0.01133844919448834,-0.021763748654965206,-0.008780975764434358,-0.0015274324843492257,-0.005879930277386767,-0.021742334186769997,-0.007261514581081434,-0.02353957209532809,-0.005360915263687797,-0.006834831741740991,-0.008646224301967155,-0.009779368456528962,0.015220669979677299,-0.011288487945716881,-0.017623253688451482,-0.015075191596503935
156,-0.00482137263650295,0.009618975531376788,-0.0046764416552954645,0.00017416751127799482,-0.0010114192349661964,0.0017881683752576053,0.01815587657249147,-0.005296216617880076,-0.004103902509430668,-0.003197688645338324,-0.004946102954551414,0.00271863647429308,0.00025384320229223794,-0.0029516912376592454,0.0003715027773107066,-0.004609298004697333
157,-0.001575983577002951,-0.007180934926907115,0.013900730173420868,0.007592892105078603,0.0018535876226185115,0.007924242857215415,0.0017576709095361337,0.009542275760312427,0.008828082469583647,0.004084163486645957,0.028256333957059367,0.03344190533861002,0.031970801511447884,0.022390522461160998,0.00513294044504556,0.0353470688832049
158,-0.008466132123319082,-0.00616817537874232,-0.0011491405281439326,0.0012854602434363793,-0.00016839405150777205,0.00351111174318423,-0.015931438631932988,-0.007037822883547753,0.003179437080403325,0.006300607896181561,0.0,0.0011000325713776218,-0.00012301925409585816,-0.0052106341735440095,-0.012374396252917483,0.013156425310998575
159,-0.004122318205307199,-0.003148014232320455,0.008333041955793135,-0.0009399660028765821,0.02181787938436186,0.0006069098020610523,0.0022279099319378235,-0.0025536722990243234,0.006328707462799724,0.031774378430036554,-0.009492543978789252,-0.004082675788838179,-0.005794223257324806,0.0006528681930620311,0.0067637462254551035,-0.007093766003027926
160,0.004177297647239007,-0.001515622798808391,0.005180976014943622,0.0017448980273722687,0.008856852698760426,0.004293442128586616,0.016772111856008253,-0.008890205197695398,0.011853053348819365,-0.012358464270156003,0.02023187248804477,0.009307265437706482,0.020558757181728584,0.011355711130670538,-0.0009557692100205812,0.00922531381965569
161,0.011181155777868703,0.023273704199316632,0.011092810206700875,0.00864124163201104,-0.0014707357985398316,0.01960711314377119,0.012613019779781473,-0.00034736894082005465,0.000996989637227829,0.009796334656090502,-0.0008586331422326678,-6.445235171078528e-05,-0.006806023336042023,-0.009291340216403371,-0.0011163605527988198,0.008151372017507366
162,-0.010084823677551365,-0.003187330057333898,0.008625868516083258,0.001404575723190061,0.0008173221870819326,0.001668157614300153,0.009385772957488783,-0.003330592379479445,0.00292303647406854,0.0008547842724771073,-0.008820867500808358,-0.004966190933225427,0.005472762474517469,0.0064914832093974665,0.010160417165405276,-0.007685568069050712
163,-0.007479115745859241,-0.0068469805204208894,-0.0065090242693913655,-0.003648323132081625,-0.008038745877313994,-0.0009682817483627522,-0.016760297996767825,-0.00144509581723394,-0.005042882580388089,0.018286989974723913,0.003940640469147071,-0.001358742129347807,-0.020586469922353953,-0.022686116372952557,-0.011704063189625214,-0.005469016329270169
164,0.00808159139991675,-0.00014727013701070046,0.0011809650081622738,-0.02291336111536257,-0.006113216946615063,0.010600297852294363,0.0025694998958448825,0.004279257302977467,-0.0057585415155721464,-0.00016777092242848988,-0.002112575916486832,-0.014937807007051223,0.04004422433402582,0.0022038302800951757,-0.005555612008420511,0.0011363046598660297
165,-0.006647534418878939,0.000588800579452429,0.0035345624226891343,-0.029932058147516774,0.0009939624474068006,0.005443586965256667,0.007905511015137303,0.027425842772367346,0.004697079588095873,0.0005032790144701401,0.0027838036603973727,0.0011822094166235183,-0.008961172860156038,-0.0012115311736643271,0.03722435348268134,0.0010682511620473554
166,-0.0036998662984817307,0.014415419171721684,-0.0010527859166403447,-0.009436707956641302,-0.006311315540104677,0.0079133180625958,-0.0011818282008563225,-0.01597228634026703,-0.006959479672847222,-0.017085728655894385,0.0019153270742000607,-0.0021685900081994886,0.0221954903827504,0.011940803991978093,0.02598079354564425,-0.011543798614210019
167,-0.006048648517611436,0.0044865281077037565,0.00457489919716473,-0.008279732025407492,-0.008197506040441263,0.010038634190168537,-0.0028026957354356386,-0.018429140377065407,-0.000566469205838303,0.0025559658733885324,0.01255008184446285,0.005249048479154744,-0.0023505606494487854,-0.010619183126898392,0.014477765326392644,0.015406578853725619
168,-0.025708990157960344,-0.0013967926837987934,-0.01416349587895568,-0.01577130760766502,0.004692528952004188,-0.010669351720825067,0.00193506941780401,0.0026963266419876733,0.004459599935542037,0.00914797653775462,-0.014082015137006606,-0.02605463310495304,-0.0004707616096213572,0.01702350804326339,0.02152524918418631,0.01300997820185011
169,-0.02885314845300247,-0.03001814932706016,0.0008130421179513535,-0.018261928147301983,-0.004860486980571877,-0.00506043647481376,0.0009070068961018129,0.002987484854648449,-0.0015051440398292128,0.012401745579981962,0.012190597971774308,0.004757564133077652,-0.010650924188864437,0.002917227725116149,-0.0035473927096516646,-0.016872758441365723
170,-0.005895616370801451,-0.001391749834664109,-0.003946049716381915,-0.0011630446996712428,0.0005039088875989268,0.003290713823994355,-0.010699545252084067,-0.0006962699855970282,0.0015678877603061735,0.008788646587768602,0.010639895344016293,-0.008458711581824693,-0.001547907388712469,0.014778555624566285,0.002868080823026952,0.016282066896972487
171,-0.0007097452716948547,0.01738156590579341,-0.0029540309149759035,0.01299177225889606,-0.001848914347035491,-0.0023608428027394094,-0.00783940493723618,0.010048838389693638,0.006558575534973255,-0.003473015741502697,0.005603855412724355,0.006986920033021237,0.0021426235916489015,0.004349020861430379,-0.006232761165599539,-0.0044657250600651545
172,0.010184583605088907,-0.0071625632598176685,0.004083061689774137,-0.0006922233148430752,0.0013450054594366313,-0.008534466769513893,0.00768006640865576,-0.02261500023409761,-0.0016822998954085927,-0.003984147160272045,0.009362752596802682,0.0034086017454001104,-0.0030963816889496526,0.004856932090919797,0.0125232234879657,0.008381670961418366
173,0.011762149096570649,-0.004193759674467471,0.010662521875888495,0.026054571105343666,0.012024177463828103,-0.004913661884678103,-0.004352834650795338,-0.03069451591275279,0.00745572076398662,0.00894195879498141,0.005887758159351584,0.01404550957577291,-0.0013128079695830725,0.009434957330958628,-0.0027048493137164192,-0.007713826600786464
174,0.002774671829183186,0.026251825831806724,0.009322031028781194,0.00040879281455459646,0.0043067844327523246,0.008095976123333392,0.005229010664052755,-0.04380494765097471,0.002349358012299558,0.012288202452556731,-0.006441523038848449,-0.0007239572396074354,-0.004068975954361137,-0.008697918690344576,-0.01250847061068984,0.005326247516234859
175,-0.012196582147941247,-0.00043349082290002733,-0.010128529090773815,-0.0027625779193262254,0.010195775101912073,0.01181113746313723,-0.007713327871427509,-0.010311332492499097,0.002282453930035885,-0.0021191654989422574,0.011108647258664216,0.013081420208947753,-0.004687837663536217,0.005144063098976491,-0.009002966095823772,0.005892360875903301
176,0.010868063185488852,0.024087218999219076,-0.011801217685240195,0.002047111081080164,-0.0022289265661106588,-0.0098641011168388,-0.012881045615949806,-0.006602565939081879,-0.004941429159285518,-0.0008517899210107758,0.017557017758251695,0.011693079347724887,-0.013830103161068216,-0.004723135858426298,-0.01573978235451647,-0.014160203742072455
177,-0.0021989518312978185,-0.02091229906801876,-0.006490575877844234,0.003714983182745099,-0.010300751202101817,-0.00545081498303158,-0.007874525509063077,0.007589153376778041,-0.0007432016351943866,-0.00558755456492319,-0.0017958017716144612,-0.0009638395185065993,0.003049374856009319,-0.003583520530950298,-0.009331019815138914,0.009396003805860163
178,0.006352160631344982,0.0021589386354833985,-0.009017661524261972,-0.007710707028487473,0.00416630699107528,-0.00354294834007692,0.000941686990833463,-0.01484699313280814,-0.0010540163776609642,0.002961971837533184,0.009214223907371782,-0.0009004086099403187,0.0006087631726994045,0.002425554649786151,-0.007272723241570716,0.007796053437617196
179,0.013493593366253597,0.009752931846979148,-0.0035146418324809654,0.012791297616946445,0.0016616478726241028,0.019965495555461267,-0.006775220297828784,0.00720266296287727,0.003838510641104069,0.0001642732196403349,0.007010055577469973,0.007755627496982182,0.014020008271037113,0.0021043411617781014,0.003668434616541067,0.014050229622445292
180,0.01460214927041178,0.009023938490349765,-0.0028849230896000233,0.0018429515654963973,0.008596545191470345,0.01309228656176805,0.014723550199953495,0.036000852078809986,0.0009881841146507943,0.006223469229473313,-0.0008846667589582791,-0.013304792698841857,-0.005656934772999801,0.0028339544712845718,-0.010223498388855992,0.008400625552411384
181,-0.04171558916836782,0.009688800275585573,-6.41916578015415e-05,-0.005152613979569531,-0.004619689426607204,0.027682290689432627,0.0072813018638607525,-0.00042613189550919995,-0.0008028048651309033,0.003259984694292897,0.004415403790764344,0.0020038081789736993,0.003012991965330626,-0.004727697233283216,-0.0035514661512129056,0.0026349453800735565
182,0.0052961020127208274,-0.001468367569421129,-0.003344326034099041,-0.003300142198214959,0.00033072101581254086,-0.012527569982650321,-0.012736440870334919,0.006108153320200959,-0.0012363755812145837,-0.00948345392376628,0.0,-0.0012923067174064,-0.0018067007167828278,-0.0036925524812039955,-0.005947359186669741,-0.02567832619011818
183,-0.008335034391433453,-0.013809524375275987,-6.43134183838135e-05,-0.008586562167486747,-0.0014890065620656438,-0.017498748410222763,-0.004582403568945367,0.013464664225855374,-0.009134790495150147,-0.00494065267309251,0.01016931858399762,0.011635109626939378,-0.0009648190758540641,0.002428040700412556,0.014265695421074295,-0.0052819450236184255
184,-0.0066948928175825165,-0.0028655775927043346,0.0035371157220016798,0.013146908166014637,0.0023152310191375206,-0.009378706636376981,-0.013043525042537321,-0.020638899745102295,0.002244860622236118,-0.0009911295256474504,-0.007529382827862431,-0.007698763544382936,-0.004717322688604852,-0.012413270115254386,-0.0074936686789499815,-0.0025850281872738254
185,0.02099070851162217,-0.0005218961926826219,0.013961280107280937,0.0016033719152228425,0.008061206462898055,0.015565412209361858,0.016237096592825438,0.023456060407271072,0.012749173539669393,0.003464531904260543,0.010316591624261177,0.006931616102566674,0.0277397162331543,0.025507252887186117,0.01675728407214298,0.024001128656899386
186,-0.010615220800982466,-0.0016861331388308078,0.0014549628805949509,0.0032395655554666135,0.0024548076667502516,-0.005952039384546301,0.005300037238426871,0.005403494181359911,-0.0022162970278483923,-0.009099313614960242,0.01098578060124329,0.008850989937692304,0.015213852841288773,0.006431578541351991,0.0010633105896469802,0.013898976323963915
187,-0.008491702909403367,0.009109388528593852,-0.0025952524127879953,-0.010158564855132352,-0.008206197456975258,-0.04143592858057213,-0.010751678225417192,-0.018249375476615374,-0.01034610773173339,-0.002829267033731384,0.006431439772181459,0.008459079805189269,-0.018048085464187114,-0.006639700092994113,-0.023452130294828268,-0.019421962118671365
188,-0.007023441313853362,-0.007399462744021966,-0.0003168956094232457,-0.06661811529439628,-0.008772675039370029,-0.013761611445526597,-0.003169863023676949,-0.007734355592674004,-6.22544861760628e-05,-0.014098899343853064,0.019385239656755354,0.004390685797184387,0.00765745446297647,0.004880341330394356,-0.004309587671126278,-0.022668262960280867
189,0.004785947794629774,-0.002351858132843613,-0.02224527599086981,0.003486210385171465,-0.005334232688910506,-0.008576660379398764,-0.004048920969950002,-0.016731380625270267,-0.027912895829519595,0.004553449742195207,0.00016770208063922735,0.004122140139639987,-0.010381056390262901,-0.005921778216626248,0.0006761998264916756,-0.0019346586342580644
190,-0.004904327651922103,-0.006131244812308355,-0.011474847176962255,-0.009528813799724468,-0.008897931472666805,-0.0061874197819121275,-0.0035666716122081167,-0.008853728511626115,-0.004493005792915639,0.0011771878446315224,0.003514311091209742,0.0015569847802798617,-0.004397221702989887,0.0015617856675504537,-0.010506816120641336,-0.012092899571794593
191,0.004491652980211282,0.01811758276547257,-0.0007215588316136237,0.0007901938274905897,0.0035350412795235415,0.0005310648602922436,0.005469189248643271,-0.0008186775736283128,0.004172783410305561,0.005865124580904735,0.013688089960980726,0.005647142014723225,-0.00011911324837556856,-0.002187145632837815,-0.0006833390798185602,0.014760411343818136
192,-0.006685790146190594,-0.0021879258359948613,-0.0052635754014867244,0.0005703586071545034,-0.004041088279871149,0.011612478189763195,-0.007132474503655011,-0.008664715646659785,-0.00038448402291833107,-0.0011702828834494407,-0.006779123972705408,-0.0020441983181428785,0.0038044964229861054,0.004161831235311015,-0.010360058787786503,0.0013976659218380646
193,0.007216348182072452,0.003972395424457358,0.004607050595193035,0.008124798008911263,0.0075637276739742845,-0.0017414937480555244,0.00207864646695587,-0.019128714190084866,0.0039654384767710766,0.00016729111902022008,0.005212371311140551,0.004516354852346791,0.009566158985287827,0.010432382509724293,0.024146814799661406,-0.00113123890140087
194,-0.011201753590248525,-0.007109746940721698,-0.013818765144424205,-0.021258988626646286,-0.01348640955626019,-0.030508953561362805,-0.016498122740416794,-0.019787973798819542,0.003695424971861314,0.01378638287246124,0.008381987996897142,0.004127260885132384,-0.021263544796829077,-0.019821069099731102,-0.05791826443809481,-0.03138146694237149
195,0.04236093334694063,0.010972979354198267,-0.009431838653455628,-0.018682466289925627,0.0022039331166826617,-0.009141358793975693,-0.0029174620243547795,-0.007299115587271227,-0.00894348708092393,-0.008781353610878803,-0.00336075841341382,-0.004806514254258378,-0.004572760038651135,-0.0012585545060991232,-0.009471436027758282,0.008960021557788111
196,0.00858966184119048,-0.01419129023950977,-0.00857212631859319,-0.005721269150639233,-0.01312559093917554,-0.0130391278179043,-0.0074805296668932235,-0.022222476730903863,-0.0032779112107963293,0.00083168032269263,-0.011727875228301678,-0.018264412123894166,-0.00981777897560715,-0.004101156171990234,0.0031298885816662177,-0.014057266074524196
197,-0.022106102405125932,-0.01977226192060079,0.0004743263120634523,0.014534108853929072,-0.002405033363545513,-0.01451255946718486,-0.0019643451388504816,-0.010255868112263198,0.000772235455700707,-0.0034979528473932336,-0.005748888039025605,-0.008655994687027156,-0.01460045428321236,-0.008146939106575223,-0.006045088753536428,-0.016852714510213418
198,-0.01935333569161726,0.002269894018544681,-0.021504743538544712,0.050879191563890126,-0.0013769359849297128,-0.009215877110843734,-0.01152209229732693,0.016136508301524195,0.003211390175110973,-0.001502838062740495,-0.00830640651124168,-0.008347363453518674,-0.01745471576524285,-0.013476078515223856,-0.03374271650666227,-0.014430399920239327
199,-0.008180715498890361,-0.006631060255426759,0.0022129187261506937,0.02131147490523772,0.0077206836858722564,-0.00599113234195275,-0.008816774015159779,-0.001995516509254965,0.006455502672384464,-0.003180208486550012,-0.0005057179302942345,0.0007674909497808273,0.02152487709711996,0.017399134905348862,-0.0011038849062451129,0.004194931062029328
200,-0.005730736505881075,-0.01855194248890682,0.006677915674930735,0.029194519543602047,0.006813224597802105,0.00018039277983318534,0.0025269929558703365,0.00011743038330883806,0.008536575715471466,-0.006559645022665331,-0.0009276938024332975,0.007453010921953667,0.016117639221464343,0.015018917450302025,-0.005947246376068789,-0.00405251170352017
201,-0.012287796089771904,-0.012820819270432634,0.014779798600305816,0.015991383285028145,0.021162958107073866,0.00739236894421184,0.00982932011360353,-0.002411346537525991,0.005389523715580101,0.004545867923646177,0.01140954145208564,0.015303970743292282,0.0196695572781067,0.02379466403509999,0.0017528591643543704,0.0004985750139527282
202,0.005077926556453191,0.00459950532413023,0.008147292545107938,-0.01995311055115387,0.006295661881753973,0.002233875254765322,0.010245518479113001,0.0038788705358666254,0.015062310136642595,0.010194776495702834,0.005656318359602928,0.011928553497976996,0.008279262857006467,-0.0012221949064270257,0.005820694373538643,0.013929891356186629
203,0.006371361686467512,0.016351063124170333,0.002946341079911496,-0.010333565335719356,0.0014852540987510795,0.008561733188955332,0.00773214388907286,-0.007654768827380172,0.005962068138236094,-0.017613437242191825,0.00389092606871592,0.005727221384300823,0.0077436842752433375,0.0008149385560665024,0.010852070160788034,0.009574059241110587
204,0.012622295791378064,0.0036491149128252375,-0.0069107137433465585,0.0023010165396651515,0.014895089026447495,-0.01782756156448617,-0.018408680529009326,-0.029086582135987634,0.006788087014421044,0.01311384892866567,0.00016527743788627314,0.00441148172154994,0.009422618004934543,0.007709538370561143,-0.004776482343080788,-0.006769260151138614
205,0.005134114272190085,-0.024800167110645324,-0.011579514560550785,0.01337212635313226,0.003082230575187468,-0.0030977928469538623,0.048671130553794385,0.014978814812444407,-0.0003075251093654435,0.005662869941762509,0.0023103972889164195,0.010399952442452598,0.0056572035636387585,0.0007070987264775483,-0.002599329726950231,-0.0005603734105245217
206,-0.003478892441860984,0.01807939989370774,-0.004642367379344329,0.0030125646619426835,0.0,0.009324340690480984,-0.00312545799311544,0.0024548885257824875,-0.007781789170679455,-0.0008307797245395541,-0.028168539074078982,0.0036838832072095614,-0.018592241879085744,-0.013418920852685801,-0.0070227993537171655,-0.0025956807713984455
207,0.024505275635830274,-0.010067267625188477,0.0046423673793442675,-0.01284075184172336,0.004847284615821192,0.005090089459172588,-0.007607402255782363,0.03680967295628336,0.0022914398688467655,0.0013289531143907492,0.014141664438543897,0.002648889259613924,0.016402396081026723,0.01038498573078623,0.019038270778061778,0.017201622035458088
208,-0.0184398025657515,-0.03264652738116173,-0.015305254131628416,-0.010958979716809921,-0.004361543140183037,-0.007689750882557366,-0.01585436847033952,-0.03310886884257541,0.009481070717783372,-0.014884495961913883,-0.011517164641360335,-0.03089378534691119,-0.007411726940301968,-0.004771838513262722,-0.01979577866415988,-0.030139681747516994
209,-0.006065473070078897,0.014306579631316005,0.04456901344525945,0.0008472654691927228,0.0025869042305606007,-0.006754853694946688,-0.00931976164101848,0.02133892326069198,0.0012247564421849807,-0.008460299731960113,-0.01912132260410835,-0.010221284809888074,0.024343837462308875,0.01535069466900034,0.030312273397123286,-0.0024936417395215182
210,0.021792685546399827,0.007316053328965908,-0.008369337692198728,0.01813616441066389,0.0009683988994642935,0.010666792866817825,0.011552040382266076,0.0421974551762343,0.0026891195460975324,0.01450766911662106,0.001808223301408066,0.006867210739529136,0.0011337928563383986,-0.004721495092228793,0.015709468897757806,0.008382542919254133
211,0.058095526326159816,0.021927586487587417,-0.004345092756609792,-0.0010553645490166683,0.0028994529241732746,0.021581678017171927,0.011170505305182864,0.005241964951198741,0.0037770905775851844,0.0018405836061594722,-0.002066773272000724,-0.002990764333607059,0.003958119611070699,0.009520580047419082,0.011622281481742172,0.011045134864804452
212,-0.009148421644233583,0.016776794691080902,-0.0046331847996497165,0.003911515554099475,0.0028910542328630683,-0.0016347588833973716,-0.004795970176928984,-0.008041518757274935,-0.00012162710680795181,0.000835499639479457,0.006444703060605697,0.012711401546276436,0.00236742353706953,0.0015945369043005957,-0.016924612027123406,0.010509270098219664
213,0.003789939372397637,-0.010208152858834947,0.0009417595591233793,0.01322176770885045,0.00432105840197332,-0.004685369966355161,0.013164913963460414,-0.00923793501372726,0.007995163730026454,0.012449261601712445,-0.004980313450593156,0.002277052595168608,0.01186495984273127,0.018157225778569354,0.014390265181929362,0.024010110457909576
214,0.001862374225546337,0.002927273305114426,0.001545391852767072,0.00448134811589289,0.003666217842342803,-0.005474493052148759,0.014418175944712891,0.02038943018530317,-0.004171284754473691,-0.005292715249867108,-0.0001721514890833126,-0.0007995307205435367,0.007869264668580138,0.0011727433318749981,0.0002758764136330488,-0.0004731584073056407
215,0.009964465229864937,0.0043263801447586325,0.006024173380731434,0.007562597537549544,0.00047729304993157585,0.025093506926002457,0.002883209901140897,0.004977853116592439,0.005859018369162556,0.005774416300177535,0.019524073970876,0.01774497813403378,0.013839047172865047,0.006231757124807744,0.027415265065645237,0.008417213036801421
216,-0.006914059529746408,0.005852013229303362,0.00040026049548956273,0.011335234320725116,0.006025035296344949,-0.0029111922352181192,0.0031982657139783305,-0.015232699684959055,0.004866593977586277,0.0006616110120730016,-0.004060939314287649,0.002233839715611643,0.007230574963982057,-0.003403165422328199,-0.01013857027798514,-0.009499818068716135
217,0.01749155679070388,-0.002462388093884351,0.00870063852579821,-0.002088742384996183,0.005045783151465676,-0.015915652709616635,-0.006976604374976838,-0.00039217258151198227,-0.005890921696805927,-0.0011580777206277087,-0.0004239097701824764,-0.00780991402705176,-0.00098295209118907,0.0021405040366380356,0.002760463113132439,-0.005090134611472004
218,0.006154492277702888,0.006841124605199972,0.001057534861513,0.004173132971764242,-0.007578230471947678,-0.0013500242772572298,-0.003016554582683936,0.012917735413778438,-0.0006634058954694081,-0.009146135020450632,0.006052023628164004,-0.005607433952162559,-0.008008336453672289,-0.005653049431666791,0.010538945202754018,0.017335434379205383
219,0.012143901256689927,0.017332835383926156,0.008485444036300667,0.007116271138805554,0.0004753386058695504,0.02371085099180757,0.006510971478435868,-0.021076894829246014,0.0045143955440878365,-0.0005012783002131937,0.0077037756663203,-0.0034286218523605244,0.012913289389622318,0.010113871129529104,0.02670482947823429,0.004736718485668505
220,0.0006322847768264824,-0.0049521990551821115,0.010490410206833917,0.007162120127763967,0.003005141387882149,-0.017182933722491203,-0.0025992881358943114,0.03317432592140819,0.008074966493635533,0.06753211156904342,-0.00600550745522546,-0.002046461327153645,0.006178546497274488,0.005020350442198694,0.015092305917993931,-0.0106387530744272
221,0.00015801006438308275,-0.001854491776418083,0.0023306278458882917,0.00642502954987036,-0.004590461561043957,0.004308896428667676,-0.0037892072383411794,0.010817914083608896,-0.0013114111121917222,0.00994878375464474,0.01490487771309197,0.009760406304497758,0.0014037797316509995,0.010158293954558207,-0.0022082846021064624,0.0008740061348075068
222,0.006143192441179782,0.012134274789537526,-0.013982503802834072,-0.014205550925481461,-0.007324886799796837,-0.018738733449584773,-0.005485056722487577,0.008935380846287255,-0.001970485237050775,-0.007296500471963266,-0.008140710579750228,-0.009450050340265932,-0.0008636727578972772,-0.002216286107624506,-0.014239040448967288,-0.016398202663947318
223,0.006833866828745589,0.008661335960994906,-0.0001983339341234105,0.012144832855864516,0.005419217588667981,-0.004955739291841387,-0.03623540145786439,-0.009854960073391964,0.006196769773785407,0.015000698587531124,-0.006933902412174013,-0.0072872422385895684,0.0003240321842725647,0.006921706124878385,0.012283557828133819,0.01087190146360671
224,-0.007566961089807881,0.0034435791938655755,0.01483255494448335,-0.004210990721066786,0.0014295762641888972,-0.01667852817447259,-0.0010645676194714505,0.008084989915155655,-0.003212766610203335,0.0015337119335607692,-0.020315231638156128,-0.015116455506023042,-0.012384731494384677,-0.009046303675646652,-0.014476153884760593,-0.012102411563628625
225,-0.021282972906634383,-0.008209741616975502,-0.025067295641749508,-0.008707500874843831,-0.01454975939193497,-0.01125515858482312,-0.008557622283448849,-0.07853620978106039,-0.013921567811876714,-0.006303411025643917,-0.017206424386417597,-0.004006268955602554,-0.02434291451634926,-0.016079876510085783,-0.025084641490045887,-0.0105209880319049
226,0.01645205601218937,0.0073732285716635974,-0.018404780262799566,-0.016897956875551942,-0.001450543512072896,-0.005490916232853837,-0.002840211138224147,0.013324668210564465,-0.0009672845702577281,0.008293720233312837,-0.000793231434533305,0.005147921978271759,-0.003478241935864309,0.003726195739718108,-0.0035970555843116694,0.022015034514006906
227,5.2683106434472506e-05,0.0003718924316628824,-0.017779743780853,-0.008874902055631169,-0.002907479760967422,0.011012710029656578,-0.013187219140672123,0.0032036525706260577,-0.013518742729289926,-0.00521387479576279,0.012616279190093975,0.008144197472855927,-0.003941645872673262,-0.009736964164324267,-0.004852302627146199,-0.004744957168308077
228,0.0015777220143337147,-0.0026759931110148156,0.0004154629139869594,-0.03836975724192597,-0.0019429887302046369,-0.008524252144567432,-0.013761759028813582,-0.019785538797193445,-0.008991362450077225,-0.001846768775465957,-0.010766474613962568,-0.013547077396110089,-0.013061710759491819,-0.0075397381735821485,0.0015661704784249322,-0.0005436272602030124
229,0.005241377042951444,-0.034370086586791686,0.005798697713886449,-0.00635370756421086,0.004366464354763217,0.016911097903573022,0.014765588124408754,0.006387977698928748,0.005736770717395773,-0.0004621986168608261,0.00316317817484934,0.008630597089398277,0.007857501912399598,0.008725070179434354,0.029036809517851602,0.009068198513334843
230,0.0050060438148453205,0.0011086816995407437,0.00952224365288678,0.028087262135897646,0.01537262663889283,0.017137689526795126,0.021183207684412123,0.02774467826176976,0.011983456321050592,0.013318267939167395,0.028283000888895248,0.025207274417367167,0.023430206436336184,0.022161271731145193,0.02566635954518042,0.01914986384480481
231,0.009216172743585481,-0.0038858819467916606,0.007268854321219204,0.004169974981433954,0.0,-0.020698255666602466,-0.019517468498989526,0.03843869233564019,0.0006683170412817751,0.0009119623536445495,-0.02425568840592793,-0.030274990792778872,-0.0018854106191236407,-0.0015460047229257895,0.006264128424622876,0.0019148385031545474
232,0.0016479070410307202,0.006147677873551814,0.0004060228679716956,0.01605330416069513,0.01592209223290607,0.000761881556292834,-0.0030706344999422474,0.021705549362225334,0.014231658733379775,0.011780804001119126,-0.015674845761135214,-0.008482476634031514,0.0033247841960822606,0.011441824632501778,0.017313850295481027,0.005722301356601664
233,0.007790460169146524,0.018903531283402372,-0.012458900818591436,-0.004699539248790565,-0.00031287359214828865,0.006074245546569844,-0.0009229765745943805,0.00649993567429401,-0.005764708686762815,0.007330394437077876,0.003986054243651048,-0.007392975052001503,-0.015948590404918028,-0.013474708532668961,-0.011139092649653513,0.0064069291657845055
234,-0.007121838899315939,0.0012020295381557793,0.0030780625659508755,-0.002387936297521654,0.003591866963678537,0.0025402093605980374,0.00394977251862927,0.008235638037822554,0.014468749416909064,0.000894010799920969,0.0074860359731111666,0.006111093178832517,-0.0028145248913689714,-0.003299973908972216,0.006537990170317398,0.002148267148219806
235,0.01231588263456283,-0.0015794597716377219,0.004497479471952776,-0.022628171350678218,-0.003748245865629597,-0.012368555924060573,-0.0014903000949976575,-0.00618349709446957,-0.00840463046458422,-0.019094092981213655,-0.010762286259094941,0.000961565423942851,-0.004519713908662981,-0.00233597532083649,-0.026566755380666364,6.584313513845931e-05
236,-0.019333460616179896,0.00943976623005582,0.0003399136622940208,0.008745170164698694,-0.005019600471999105,0.01676838217987633,0.004289580263461324,-0.0006310337784329462,0.0017344147716135173,0.01626055147483258,0.0029225721291952964,0.004219704395882484,0.002827256523007512,-0.0009750025145986106,0.0023652130156710314,0.0016456575581094018
237,0.07013140810030884,0.011179009143429093,-0.0025180182755550327,0.0024616075941237313,-0.0006292908054869399,0.009457193262869878,-0.006749052687093,-0.024600543399139037,0.0007764425505108792,-0.0034407393741258735,-0.008079990684930358,-0.0015962713986763647,-0.0015822674465436305,-0.001561851172257873,-0.007474387406319691,-0.00832178392915483
238,0.028177643511435584,0.01918250749567014,-0.009241199384033772,-0.006368214372602002,-0.010598781521427382,0.02477111271862347,-0.004142083077474742,-0.015373646707602853,-0.013828185885992477,-0.006313986653392263,-0.01111618807648423,-0.014611981236945635,-0.00510297634370642,-0.0102121959275548,0.002841712393203495,0.015661338574196375
239,0.005476122210846653,0.0011782585629362661,0.00027499828174764213,0.008542308022056034,0.0017478507559406556,0.010809012182413496,-0.01939473637218769,-0.010843054343807317,0.007418898043447003,0.00586422272465335,-0.008055426606590031,-0.008988564481518236,-0.0006823268734967344,-0.000592338840575823,0.015156419917512948,-0.008458293906289393
240,-0.008201953317014525,0.0022394852015799453,0.0006185505066303416,-0.00036200065704496755,0.0007195873895861006,-0.002994040118072066,-8.999594781177792e-05,-0.01916416440593731,0.002280930241720475,0.0047861296023401865,-0.008487388311908236,-0.0017680434018503839,0.0011369870339469651,0.010804534768130557,0.009536240888867797,-0.020220130400065275
241,0.019480497523828733,0.013020113414744718,0.002813161922942788,-0.011765394542885691,0.0011184790032108326,0.007639994697600457,-0.0032470533721624647,0.0062981425673384024,0.004247777138644924,0.005950642594720476,-0.006897530386678152,0.00405544107459791,-0.0028449521322312507,-0.01535763566185662,-0.02440335850749615,-0.007824687477248009
242,-0.011045244319011438,-0.004537788789254973,-0.0020576345343409634,-0.016861559166821312,0.00015971257518978638,0.012426038245957987,0.0054058919877353236,-0.019243301150763954,0.006308437020760192,0.0026662733219927803,0.00936900404591678,0.0009134804117725089,-0.002281769347981207,-0.007668254399084185,0.002596999343550916,-0.005091833603354169
243,-0.021747679538031185,-0.0014348775930772837,0.014518232382887917,0.007187497583878617,-0.007211007873502677,-0.0012158545893467974,0.011569067058578355,0.007458248413556856,-0.005293976325817643,0.006046829131867871,0.021346695641000453,0.021357697906075064,0.003762120380954832,0.0006995353410661952,0.007184416537547966,-0.004639065442404676
244,-0.010499355795039472,0.009112465230580456,0.00654236983205324,-0.003991263852156717,0.009443847698832648,0.006654996174445193,0.004165947356723784,0.001473644200613255,0.003512629717761796,-0.0014714245678013782,-0.008809009772487901,-0.008720239977359339,-0.009489512701798876,-0.002600801784140588,0.0034960088715256157,-0.0005472024591916816
245,0.003127755569348488,-0.004702189223995133,0.00248427298149837,0.015197172801465174,0.018936986764933515,-0.013924442585457428,0.0011050457459503842,0.0142835919466161,0.0011285312784892639,0.014472849020003065,0.029271258674828028,0.025622044609888366,0.012443747391104591,0.016588470941817753,0.007872410457587282,0.028928843698854886
246,0.004458232194890923,0.0073001123391709406,-0.013027034614862671,-0.011247165064207443,-0.002034285952820511,-0.036452085064760456,-0.01021279248766801,-0.02258706900956387,-0.00954369532809362,-0.02171452690606228,0.0028018579891306134,-0.005349737318382687,-0.014283508725943955,-0.01298917678818772,-0.01907172760286906,-0.017297307563963953
247,0.01979602877164289,0.002679613120382742,-0.002516888432312494,-0.0009498648074647106,0.0032841220395962312,0.010292089344270039,-0.002010396732270333,0.01923132766175444,0.003589546111464269,0.012821677475303777,0.0003496896510509298,-0.015966815895403823,0.0031026166267191053,-0.002498127779243122,-5.1874920128157374e-05,-0.0018953434803335926
248,0.003978037248135962,0.0015248497277891323,-0.006971554209373034,0.004946001700946612,-0.0021882315189594016,-0.0009659364771733322,-0.0006262861409582352,0.022216337426475937,-0.004969059404443083,-0.006021961446045008,0.004273679586319368,0.002369809257533107,0.012994585615969462,0.006382778449460845,0.013660404519857214,0.014929679087469745
249,-0.01638768540690963,-0.013114199687875649,0.0024660992863303343,0.04584514304681723,-0.004076487236937116,0.008020692759043305,0.012407577068681465,-0.0027433354948720188,-0.010255252713441665,-0.0025075314416986567,0.001912886377725462,0.0006394513129661854,-0.006362268641551587,-0.003585234412929102,-0.00482424323394747,0.013196073545328382
250,0.028689077447636463,0.021645672371164097,0.0019138624724864622,-0.029108281631677092,-0.005830048768636269,-0.023662577199559793,-0.006206767631024514,0.0254414313278198,-0.013429554293364603,-0.0034025625933030153,-0.0013908555667841642,0.0006391385106743111,-0.005256542876010367,-0.008818626100957646,-0.0018537646485666459,-0.03540191951373468
